label,concurrency,run,requests,error_rate,p50_ms,p95_ms,p99_ms,jwks_calls,token_exchange_calls,jwks_calls_per_request,token_exchange_calls_per_request
before,1,01,114,0,415.7785,437.1531,,114,114,1.0,1.0
before,1,02,117,0,412.042,432.1922,,117,117,1.0,1.0
before,1,03,115,0,413.111,438.0401,,115,115,1.0,1.0
before,10,01,1162,0,415.65700000000004,428.11190000000005,,1162,1162,1.0,1.0
before,10,02,1160,0,415.48,430.75655,,1160,1160,1.0,1.0
before,10,03,1170,0,414.127,428.41595,,1170,1170,1.0,1.0
before,20,01,2166,0,432.72950000000003,642.6642499999999,,2166,2166,1.0,1.0
before,20,02,2340,0,413.7035,432.6287,,2340,2340,1.0,1.0
before,20,03,2323,0,414.857,445.5289999999998,,2323,2323,1.0,1.0
